{"text": " All right, so yeah, I'm writing a profile of Levy. She's from the other interns. I understand you guys have worked together in the past. Yeah, yeah, so she's our communications intern. This is her last week. We're really going to miss her and I'm the communication specialist here.", "segments": [{"id": 0, "seek": 0, "start": 0.0, "end": 8.0, "text": " All right, so yeah, I'm writing a profile of Levy. She's from the other interns. I understand you guys have worked together in the past.", "tokens": [50364, 1057, 558, 11, 370, 1338, 11, 286, 478, 3579, 257, 7964, 295, 1456, 11869, 13, 1240, 311, 490, 264, 661, 46145, 13, 286, 1223, 291, 1074, 362, 2732, 1214, 294, 264, 1791, 13, 50764], "temperature": 0.0, "avg_logprob": -0.2252371106828962, "compression_ratio": 1.4789473684210526, "no_speech_prob": 0.01258114818483591}, {"id": 1, "seek": 0, "start": 8.0, "end": 17.0, "text": " Yeah, yeah, so she's our communications intern. This is her last week. We're really going to miss her and I'm the communication specialist here.", "tokens": [50764, 865, 11, 1338, 11, 370, 750, 311, 527, 15163, 2154, 13, 639, 307, 720, 1036, 1243, 13, 492, 434, 534, 516, 281, 1713, 720, 293, 286, 478, 264, 6101, 17008, 510, 13, 51214], "temperature": 0.0, "avg_logprob": -0.2252371106828962, "compression_ratio": 1.4789473684210526, "no_speech_prob": 0.01258114818483591}], "language": "en"}